{"cameraMode":{"drawMode":0,"name":"Shaded","section":"Shading Mode"},"sceneLighting":true,"audioPlay":false,"sceneViewState":{"showFog":true,"showMaterialUpdate":false,"showSkybox":true,"showFlares":true,"showImageEffects":true,"showParticleSystems":true,"showVisualEffectGraphs":true,"m_FxEnabled":false},"in2DMode":false,"pivot":{"x":350.94049072265627,"y":588.7632446289063,"z":-136.72994995117188},"rotation":{"x":0.1313106268644333,"y":-0.0023803277872502805,"z":-0.00032712623942643404,"w":-0.9913589358329773},"size":194.6391143798828,"orthographic":false}